SNP	pvalue	qvalue
2	6.79407438421576e-14	3.39703719210788e-13
5	1.87154724782472e-17	1.87154724782472e-16
6	7.4305173575628e-10	2.4768391191876e-09
