SNP	pvalue	qvalue	CHR	SNP_ID	CM	POSITION	ALLELE1	ALLELE2
2	6.79407438421576e-14	3.39703719210788e-13	1	.	0	203650487	T	C
5	1.87154724782472e-17	1.87154724782472e-16	1	.	0	203653489	C	G
6	7.4305173575628e-10	2.4768391191876e-09	1	.	0	203673796	C	T
